<?xml version="1.0" encoding="UTF-8"?>
<project-private xmlns="http://www.netbeans.org/ns/project-private/1">
    <editor-bookmarks xmlns="http://www.netbeans.org/ns/editor-bookmarks/2" lastBookmarkId="0"/>
    <open-files xmlns="http://www.netbeans.org/ns/projectui-open-files/2">
        <group>
            <file>file:/C:/Users/Hp/Desktop/Uri%20Online%20judge%20Problem%20Solving/firstName_lastName_Part3/src/firstname_lastname_part3/Student.java</file>
            <file>file:/C:/Users/Hp/Desktop/Uri%20Online%20judge%20Problem%20Solving/firstName_lastName_Part3/src/firstname_lastname_part3/FirstName_lastName_Part3.java</file>
        </group>
    </open-files>
</project-private>
