<?xml version="1.0" encoding="UTF-8"?>
<project-private xmlns="http://www.netbeans.org/ns/project-private/1">
    <editor-bookmarks xmlns="http://www.netbeans.org/ns/editor-bookmarks/2" lastBookmarkId="0"/>
    <open-files xmlns="http://www.netbeans.org/ns/projectui-open-files/2">
        <group>
            <file>file:/C:/Users/Hp/Desktop/kamrul/JavaFx/firstName_lastName_Part4/src/firstname_lastname_part4/CalculateTime.java</file>
            <file>file:/C:/Users/Hp/Desktop/kamrul/JavaFx/firstName_lastName_Part4/src/firstname_lastname_part4/FirstName_lastName_Part4.java</file>
            <file>file:/C:/Users/Hp/Desktop/kamrul/JavaFx/firstName_lastName_Part4/src/firstname_lastname_part4/MyThread.java</file>
        </group>
    </open-files>
</project-private>
